,Apis mellifera,Vanessa atalanta,Harmonia axyridis,Pieris rapae,Coccinella septempunctata,Vanessa cardui,Nymphalis antiopa,Other
Apis mellifera,65.80152671755725,1.984732824427481,0.7633587786259541,0.9160305343511451,0.45801526717557256,0.6106870229007634,1.5267175572519083,27.938931297709924
Vanessa atalanta,0.3225806451612903,91.61290322580645,0.0,0.0,0.0,0.6451612903225806,0.3225806451612903,7.096774193548387
Harmonia axyridis,0.7518796992481203,1.5037593984962405,87.59398496240601,0.0,1.1278195488721803,0.0,0.37593984962406013,8.646616541353383
Pieris rapae,0.38167938931297707,0.0,0.38167938931297707,86.25954198473282,0.0,0.0,1.1450381679389312,11.83206106870229
Coccinella septempunctata,3.684210526315789,1.0526315789473684,2.631578947368421,1.0526315789473684,83.15789473684211,0.0,0.0,8.421052631578947
Vanessa cardui,1.7647058823529411,5.88235294117647,0.5882352941176471,0.0,0.5882352941176471,73.52941176470588,0.5882352941176471,17.058823529411764
Nymphalis antiopa,0.0,3.7383177570093453,0.0,0.0,0.0,0.0,87.85046728971963,8.411214953271028
Other,1.1049723756906076,1.3812154696132597,1.3259668508287292,0.7182320441988951,0.5524861878453038,0.11049723756906078,0.9392265193370166,93.86740331491713
