count,mean_ms,std_ms,min_ms,max_ms,median_ms,p25_ms,p75_ms,p90_ms,p95_ms,p99_ms,iqr_ms
3770,2.0433186219921162,0.5058483409702184,1.0230541229248047,6.837129592895508,1.9379854202270508,1.7000436782836914,2.2939443588256836,2.6803493499755855,2.9827952384948726,3.643002510070801,0.5939006805419922
